train_loss,train_accuracy,test_accuracy
10636.56926475442,1.217229833462489,0.7856986214354313
