train_loss,train_accuracy,test_accuracy
601.5365943230476,1.1078317445997496,0.7940168936546708
