train_loss,train_accuracy,test_accuracy
187485.8697074987,27.63116650674885,27.377706654022443
