train_loss,train_accuracy,test_accuracy
1481211.1010926904,18.744847743744224,17.650491953173255
1701391.148916485,28.49008321154821,28.105773579950295
