train_loss,train_accuracy,train_key_accuracy,train_note_accuracy,test_accuracy,test_key_accuracy,test_note_accuracy
34916.46817674177,1.2514774799389405,0.0,5.969167443766668,1.1259915758588617,0.0,5.158841189059203
