Chord,Scale,Dissonant
1.8119835,1.6042521,1.3500966
