train_loss,train_accuracy,test_accuracy
73720.46836451246,2.4621760467837377,2.750118539592224
