train_loss,train_accuracy,test_accuracy
97553.539596468,28.81977260360283,29.220680189110876
