train_loss,train_accuracy,test_accuracy
2184.97065931436,0.00020355653986451274,0.0004149515336608684
