train_loss,train_accuracy,test_accuracy
88578.58707952309,28.809271510534508,29.201616592954093
