train_loss,train_accuracy,train_key_accuracy,train_note_accuracy,test_accuracy,test_key_accuracy,test_note_accuracy
25782.748869943218,1.4705113321410268,19.380658039627008,6.0644771855590465,0.7425948472084635,27.31720596798222,4.957690242666687
