train_loss,train_accuracy,test_accuracy
669.1320333698312,1.1450243072934512,0.8028238597951012
659.6830139538529,0.9919038184296766,0.7298410829899942
