train_loss,train_accuracy,test_accuracy
101444.08370306555,28.49008321154821,28.105773579950295
101652.10216408019,28.49008321154821,28.105773579950295
101653.8797365042,28.49008321154821,28.105773579950295
