train_loss,train_accuracy,test_accuracy
101443.20916630482,28.49008321154821,28.105773579950295
101652.88589387549,28.49008321154821,28.105773579950295
101653.16580145377,28.49008321154821,28.105773579950295
