train_loss,train_accuracy,test_accuracy
37254.30350303568,1.0176513828030282,1.4869605002287631
