train_loss,train_accuracy,test_accuracy
668.0506083145956,1.480192804446171,0.8714123922470703
652.5219596606265,1.192334406864928,0.8840962149447952
