train_loss,train_accuracy,test_accuracy
187959.6658840127,27.5773288380874,27.38462146356883
