train_loss,train_accuracy,train_key_accuracy,train_note_accuracy,test_accuracy,test_key_accuracy,test_note_accuracy
9728.770716581486,1.3190242588206238,10.850424520006136,5.25420684545526,1.309749771247514,11.458041878719591,5.337305938490157
