train_loss,train_accuracy,test_accuracy
598.3103444309753,1.0452799336311116,0.8204841234431597
