train_loss,train_accuracy,test_accuracy
601.0054360115815,1.1640526276666916,0.826533775966243
