train_loss,train_accuracy,test_accuracy
88186.12360220074,23.951083999198097,24.04682019216105
