train_loss,train_accuracy,test_accuracy
732.6313598052905,1.4669094838800056,1.3112985327343913
707.8742237737832,1.7579575668198795,1.5867805893756475
