train_loss,train_accuracy,test_accuracy
,28.27171512455644,27.969416785206256
,28.27171512455644,27.969416785206256
