train_loss,train_accuracy,test_accuracy
672.579678885333,1.5071280663225928,0.7616805959627941
662.4968159260219,1.751630360200715,0.7687797640414483
