train_loss,train_accuracy,test_accuracy
635.5099072227887,1.6102941061325224,1.8192870751027774
625.8619940386924,1.3828164076121172,1.4269460811420653
