train_loss,train_accuracy,test_accuracy
68341.13057646742,19.402201410965052,19.627878603019674
