train_loss,train_accuracy,test_accuracy
600.0678490570999,1.3148366878164304,0.9860933612625624
