train_loss,train_accuracy,test_accuracy
533.9792646304893,1.5115456719165703,1.4912393469400103
